antecedents_str,consequents_str,support,confidence,lift,leverage,conviction
disease_Effusion + disease_Pneumonia,disease_Edema,0.005844155844155844,0.6923076923076924,16.658653846153847,0.005493337831000169,3.114935064935066
disease_Edema + disease_Pneumonia,disease_Effusion,0.005844155844155844,0.6923076923076924,3.173076923076924,0.004002361275088549,2.540909090909092
